{"cameraMode":{"drawMode":0,"name":"Shaded","section":"Shading Mode"},"sceneLighting":false,"audioPlay":false,"sceneViewState":{"m_AlwaysRefresh":false,"showFog":true,"showSkybox":false,"showFlares":true,"showImageEffects":true,"showParticleSystems":true,"showVisualEffectGraphs":true,"m_FxEnabled":true},"in2DMode":false,"pivot":{"x":-4.476564407348633,"y":3.2044479846954347,"z":-0.4142923355102539},"rotation":{"x":-0.007692188024520874,"y":-0.9902089238166809,"z":0.12574347853660584,"w":-0.06068522855639458},"size":1.8626412153244019,"orthographic":false}