{"cameraMode":{"drawMode":0,"name":"Shaded","section":"Shading Mode"},"sceneLighting":false,"audioPlay":false,"sceneViewState":{"m_AlwaysRefresh":false,"showFog":true,"showSkybox":true,"showFlares":true,"showImageEffects":true,"showParticleSystems":true,"showVisualEffectGraphs":true,"m_FxEnabled":true},"in2DMode":false,"pivot":{"x":395.15020751953127,"y":201.3357696533203,"z":-0.847442626953125},"rotation":{"x":0.0000024028392999753125,"y":-1.0000232458114625,"z":0.0018100858433172107,"w":-0.004207618068903685},"size":222.216064453125,"orthographic":false}